External ID,State Name,Country,State Code,ID
base.state_jp_jp-01,Hokkaidō,base.jp,1,212
base.state_pt_pt-01,Aveiro,base.pt,1,248
base.state_jp_jp-02,Aomori,base.jp,2,203
base.state_pt_pt-02,Beja,base.pt,2,249
base.state_pt_pt-03,Braga,base.pt,3,250
base.state_jp_jp-03,Iwate,base.jp,3,216
base.state_jp_jp-04,Miyagi,base.jp,4,224
base.state_pt_pt-04,Bragança,base.pt,4,251
base.state_jp_jp-05,Akita,base.jp,5,202
base.state_pt_pt-05,Castelo Branco,base.pt,5,252
base.state_pt_pt-06,Coimbra,base.pt,6,253
base.state_jp_jp-06,Yamagata,base.jp,6,245
base.state_pt_pt-07,Évora,base.pt,7,254
base.state_jp_jp-07,Fukushima,base.jp,7,208
base.state_pt_pt-08,Faro,base.pt,8,255
base.state_jp_jp-08,Ibaraki,base.jp,8,214
base.state_jp_jp-09,Tochigi,base.jp,9,239
base.state_pt_pt-09,Guarda,base.pt,9,256
base.state_jp_jp-10,Gunma,base.jp,10,210
base.state_pt_pt-10,Leiria,base.pt,10,257
base.state_pt_pt-11,Lisboa,base.pt,11,258
base.state_jp_jp-11,Saitama,base.jp,11,235
base.state_jp_jp-12,Chiba,base.jp,12,204
base.state_pt_pt-12,Portalegre,base.pt,12,259
base.state_pt_pt-13,Porto,base.pt,13,260
base.state_jp_jp-13,Tōkyō,base.jp,13,243
base.state_jp_jp-14,Kanagawa,base.jp,14,219
base.state_pt_pt-14,Santarém,base.pt,14,261
base.state_jp_jp-15,Niigata,base.jp,15,229
base.state_pt_pt-15,Setúbal,base.pt,15,262
base.state_jp_jp-16,Toyama,base.jp,16,242
base.state_pt_pt-16,Viana do Castelo,base.pt,16,263
base.state_pt_pt-17,Vila Real,base.pt,17,264
base.state_jp_jp-17,Ishikawa,base.jp,17,215
base.state_pt_pt-18,Viseu,base.pt,18,265
base.state_jp_jp-18,Fukui,base.jp,18,206
base.state_jp_jp-19,Yamanashi,base.jp,19,247
base.state_pt_pt-20,Açores,base.pt,20,266
base.state_jp_jp-20,Nagano,base.jp,20,226
base.state_jp_jp-21,Gifu,base.jp,21,209
base.state_jp_jp-22,Shizuoka,base.jp,22,238
base.state_jp_jp-23,Aichi,base.jp,23,201
base.state_jp_jp-24,Mie,base.jp,24,223
base.state_jp_jp-25,Shiga,base.jp,25,236
base.state_jp_jp-26,Kyōto,base.jp,26,222
base.state_jp_jp-27,Ōsaka,base.jp,27,233
base.state_jp_jp-28,Hyōgo,base.jp,28,213
base.state_jp_jp-29,Nara,base.jp,29,228
base.state_pt_pt-30,Madeira,base.pt,30,267
base.state_jp_jp-30,Wakayama,base.jp,30,244
base.state_jp_jp-31,Tottori,base.jp,31,241
base.state_jp_jp-32,Shimane,base.jp,32,237
base.state_jp_jp-33,Okayama,base.jp,33,231
base.state_jp_jp-34,Hiroshima,base.jp,34,211
base.state_jp_jp-35,Yamaguchi,base.jp,35,246
base.state_jp_jp-36,Tokushima,base.jp,36,240
base.state_jp_jp-37,Kagawa,base.jp,37,217
base.state_jp_jp-38,Ehime,base.jp,38,205
base.state_jp_jp-39,Kōchi,base.jp,39,220
base.state_jp_jp-40,Fukuoka,base.jp,40,207
base.state_jp_jp-41,Saga,base.jp,41,234
base.state_jp_jp-42,Nagasaki,base.jp,42,227
base.state_jp_jp-43,Kumamoto,base.jp,43,221
base.state_jp_jp-44,Ōita,base.jp,44,230
base.state_jp_jp-45,Miyazaki,base.jp,45,225
base.state_jp_jp-46,Kagoshima,base.jp,46,218
base.state_jp_jp-47,Okinawa,base.jp,47,232
base.state_ar_a,Salta,base.ar,A,569
base.state_es_a,Alacant (Alicante),base.es,A,420
base.state_us_aa,Armed Forces Americas,base.us,AA,68
base.state_ca_ab,Alberta,base.ca,AB,533
base.state_es_ab,Albacete,base.es,AB,419
base.state_br_ac,Acre,base.br,AC,71
base.state_id_ac,Aceh,base.id,AC,613
base.state_au_1,Australian Capital Territory,base.au,ACT,1
base.state_ru_ad,Republic of Adygeya,base.ru,AD,98
base.state_us_ae,Armed Forces Europe,base.us,AE,69
base.state_it_ag,Agrigento,base.it,AG,306
base.state_mx_ags,Aguascalientes,base.mx,AGU,485
base.state_ae_aj,Ajman,base.ae,AJ,547
base.state_us_2,Alaska,base.us,AK,10
base.state_it_al,Alessandria,base.it,AL,307
base.state_us_1,Alabama,base.us,AL,9
base.state_ru_al,Altai Republic,base.ru,AL,99
base.state_es_al,Almería,base.es,AL,421
base.state_br_al,Alagoas,base.br,AL,72
base.state_ru_alt,Altai Krai,base.ru,ALT,100
base.state_eg_alx,Alexandria,base.eg,ALX,273
base.state_br_am,Amazonas,base.br,AM,74
base.state_co_29,Amazonas,base.co,AMA,675
base.state_ru_amu,Amur Oblast,base.ru,AMU,101
base.state_it_an,Ancona,base.it,AN,308
base.state_in_an,Andaman and Nicobar,base.in,AN,577
base.state_co_01,Antioquia,base.co,ANT,647
base.state_it_ao,Aosta,base.it,AO,309
base.state_br_ap,Amapá,base.br,AP,73
base.state_it_ap,Ascoli Piceno,base.it,AP,311
base.state_in_ap,Andhra Pradesh,base.in,AP,578
base.state_us_ap,Armed Forces Pacific,base.us,AP,70
base.state_it_aq,L'Aquila,base.it,AQ,350
base.state_in_ar,Arunachal Pradesh,base.in,AR,579
base.state_us_4,Arkansas,base.us,AR,12
base.state_it_ar,Arezzo,base.it,AR,310
base.state_co_25,Arauca,base.co,ARA,671
base.state_ru_ark,Arkhangelsk Oblast,base.ru,ARK,102
base.state_in_as,Assam,base.in,AS,580
base.state_us_as,American Samoa,base.us,AS,60
base.state_eg_asn,Aswan,base.eg,ASN,285
base.state_ru_ast,Astrakhan Oblast,base.ru,AST,103
base.state_eg_ast,Asyut,base.eg,AST,286
base.state_it_at,Asti,base.it,AT,312
base.state_co_02,Atlántico,base.co,ATL,648
base.state_nz_auk,Auckland,base.nz,AUK,517
base.state_es_av,Ávila,base.es,AV,423
base.state_it_av,Avellino,base.it,AV,313
base.state_gt_ave,Alta Verapaz,base.gt,AVE,179
base.state_us_3,Arizona,base.us,AZ,11
base.state_ae_az,Abu Dhabi,base.ae,AZ,546
base.state_ar_b,Buenos Aires,base.ar,B,554
base.state_es_b,Barcelona,base.es,B,426
base.state_it_ba,Bari,base.it,BA,314
base.state_ru_ba,Republic of Bashkortostan,base.ru,BA,104
base.state_br_ba,Bahia,base.br,BA,75
base.state_eg_ba,Red Sea,base.eg,BA,269
base.state_id_ba,Bali,base.id,BA,614
base.state_es_ba,Badajoz,base.es,BA,424
base.state_id_bb,Bangka Belitung,base.id,BB,615
base.state_ca_bc,British Columbia,base.ca,BC,534
base.state_mx_bc,Baja California,base.mx,BCN,486
base.state_mx_bcs,Baja California Sur,base.mx,BCS,487
base.state_id_be,Bengkulu,base.id,BE,617
base.state_ru_bel,Belgorod Oblast,base.ru,BEL,105
base.state_it_bg,Bergamo,base.it,BG,318
base.state_eg_bh,Beheira,base.eg,BH,270
base.state_it_bi,Biella,base.it,BI,319
base.state_es_bi,Bizkaia (Vizcaya),base.es,BI,466
base.state_it_bl,Belluno,base.it,BL,316
base.state_it_bn,Benevento,base.it,BN,317
base.state_eg_bns,Beni Suef,base.eg,BNS,287
base.state_it_bo,Bologna,base.it,BO,320
base.state_co_04,Bolívar,base.co,BOL,650
base.state_nz_bop,Bay of Plenty,base.nz,BOP,518
base.state_co_05,Boyacá,base.co,BOY,651
base.state_in_br,Bihar,base.in,BR,581
base.state_it_br,Brindisi,base.it,BR,323
base.state_ru_bry,Bryansk Oblast,base.ru,BRY,106
base.state_it_bs,Brescia,base.it,BS,322
base.state_id_bt,Banten,base.id,BT,616
base.state_it_bt,Barletta-Andria-Trani,base.it,BT,315
base.state_ru_bu,Republic of Buryatia,base.ru,BU,107
base.state_es_bu,Burgos,base.es,BU,427
base.state_gt_bve,Baja Verapaz,base.gt,BVE,180
base.state_it_bz,Bolzano,base.it,BZ,321
base.state_es_c,A Coruña (La Coruña),base.es,C,417
base.state_eg_c,Cairo,base.eg,C,278
base.state_ar_c,Ciudad Autónoma de Buenos Aires,base.ar,C,553
base.state_us_5,California,base.us,CA,13
base.state_it_ca,Cagliari,base.it,CA,324
base.state_es_ca,Cádiz,base.es,CA,429
base.state_co_06,Caldas,base.co,CAL,652
base.state_mx_camp,Campeche,base.mx,CAM,490
base.state_nz_can,Canterbury,base.nz,CAN,519
base.state_co_07,Caquetá,base.co,CAQ,653
base.state_co_26,Casanare,base.co,CAS,672
base.state_co_08,Cauca,base.co,CAU,654
base.state_it_cb,Campobasso,base.it,CB,326
base.state_es_cc,Cáceres,base.es,CC,428
base.state_es_ce,Ceuta,base.es,CE,432
base.state_br_ce,Ceará,base.br,CE,76
base.state_ru_ce,Chechen Republic,base.ru,CE,108
base.state_it_ce,Caserta,base.it,CE,328
base.state_co_09,Cesar,base.co,CES,655
base.state_in_cg,Chattisgarh,base.in,CG,583
base.state_it_ch,Chieti,base.it,CH,331
base.state_in_ch,Chandigarh,base.in,CH,582
base.state_ru_che,Chelyabinsk Oblast,base.ru,CHE,109
base.state_mx_chih,Chihuahua,base.mx,CHH,488
base.state_co_12,Chocó,base.co,CHO,658
base.state_mx_chis,Chiapas,base.mx,CHP,492
base.state_ru_chu,Chukotka Autonomous Okrug,base.ru,CHU,110
base.state_it_ci,Carbonia-Iglesias,base.it,CI,327
base.state_it_cl,Caltanissetta,base.it,CL,325
base.state_gt_cmt,Chimaltenango,base.gt,CMT,181
base.state_it_cn,Cuneo,base.it,CN,336
base.state_it_co,Como,base.it,CO,332
base.state_us_6,Colorado,base.us,CO,14
base.state_es_co,Córdoba,base.es,CO,434
base.state_mx_coah,Coahuila,base.mx,COA,491
base.state_mx_col,Colima,base.mx,COL,489
base.state_co_10,Córdoba,base.co,COR,656
base.state_gt_cqm,Chiquimula,base.gt,CQM,182
base.state_es_cr,Ciudad Real,base.es,CR,433
base.state_it_cr,Cremona,base.it,CR,334
base.state_es_cs,Castelló (Castellón),base.es,CS,431
base.state_it_cs,Cosenza,base.it,CS,333
base.state_us_7,Connecticut,base.us,CT,15
base.state_it_ct,Catania,base.it,CT,329
base.state_ru_cu,Chuvash Republic,base.ru,CU,111
base.state_es_cu,Cuenca,base.es,CU,435
base.state_co_11,Cundinamarca,base.co,CUN,657
base.state_it_cz,Catanzaro,base.it,CZ,330
base.state_ar_d,San Luis,base.ar,D,571
base.state_ru_da,Republic of Dagestan,base.ru,DA,112
base.state_us_9,District of Columbia,base.us,DC,17
base.state_co_03,D.C.,base.co,DC,649
base.state_in_dd,Daman and Diu,base.in,DD,585
base.state_us_8,Delaware,base.us,DE,16
base.state_br_df,Distrito Federal,base.br,DF,77
base.state_mx_df,Ciudad de México,base.mx,DIF,493
base.state_eg_dk,Dakahlia,base.eg,DK,268
base.state_in_dl,Delhi,base.in,DL,586
base.state_in_dn,Dadra and Nagar Haveli,base.in,DN,584
base.state_eg_dt,Damietta,base.eg,DT,289
base.state_ae_du,Dubai,base.ae,DU,548
base.state_mx_dgo,Durango,base.mx,DUR,494
base.state_ar_e,Entre Ríos,base.ar,E,560
base.state_za_ec,Eastern Cape,base.za,EC,297
base.state_it_en,Enna,base.it,EN,337
base.state_gt_epr,El Progreso,base.gt,EPR,183
base.state_br_es,Espírito Santo,base.br,ES,78
base.state_gt_esc,Escuintla,base.gt,ESC,184
base.state_ar_f,La Rioja,base.ar,F,564
base.state_it_fc,Forlì-Cesena,base.it,FC,342
base.state_it_fe,Ferrara,base.it,FE,339
base.state_it_fg,Foggia,base.it,FG,341
base.state_it_fi,Firenze,base.it,FI,340
base.state_us_10,Florida,base.us,FL,18
base.state_it_fm,Fermo,base.it,FM,338
base.state_us_fm,Federated States of Micronesia,base.us,FM,61
base.state_it_fr,Frosinone,base.it,FR,343
base.state_za_fs,Free State,base.za,FS,298
base.state_ae_fu,Fujairah,base.ae,FU,549
base.state_eg_fym,Faiyum,base.eg,FYM,271
base.state_ar_g,Santiago Del Estero,base.ar,G,574
base.state_us_11,Georgia,base.us,GA,19
base.state_in_ga,Goa,base.in,GA,587
base.state_es_gc,Las Palmas,base.es,GC,444
base.state_it_ge,Genova,base.it,GE,344
base.state_eg_gh,Gharbia,base.eg,GH,272
base.state_es_gi,Girona (Gerona),base.es,GI,436
base.state_nz_gis,Gisborne,base.nz,GIS,520
base.state_in_gj,Gujarat,base.in,GJ,588
base.state_id_go,Gorontalo,base.id,GO,618
base.state_br_go,Goiás,base.br,GO,79
base.state_it_go,Gorizia,base.it,GO,345
base.state_it_gr,Grosseto,base.it,GR,346
base.state_es_gr,Granada,base.es,GR,437
base.state_mx_gro,Guerrero,base.mx,GRO,495
base.state_za_gt,Gauteng,base.za,GT,299
base.state_us_gu,Guam,base.us,GU,62
base.state_es_gu,Guadalajara,base.es,GU,438
base.state_mx_gto,Guanajuato,base.mx,GUA,496
base.state_gt_gua,Guatemala,base.gt,GUA,185
base.state_co_30,Guainía,base.co,GUA,676
base.state_co_31,Guaviare,base.co,GUV,677
base.state_eg_gz,Giza,base.eg,GZ,275
base.state_ar_h,Chaco,base.ar,H,556
base.state_es_h,Huelva,base.es,H,440
base.state_us_12,Hawaii,base.us,HI,20
base.state_mx_hgo,Hidalgo,base.mx,HID,497
base.state_nz_hkb,Hawke's Bay,base.nz,HKB,521
base.state_in_hp,Himachal Pradesh,base.in,HP,590
base.state_in_hr,Haryana,base.in,HR,589
base.state_es_hu,Huesca,base.es,HU,441
base.state_eg_hu,Helwan,base.eg,HU,290
base.state_gt_hue,Huehuetenango,base.gt,HUE,186
base.state_co_13,Huila,base.co,HUI,659
base.state_us_16,Iowa,base.us,IA,24
base.state_us_13,Idaho,base.us,ID,21
base.state_us_14,Illinois,base.us,IL,22
base.state_it_im,Imperia,base.it,IM,347
base.state_us_15,Indiana,base.us,IN,23
base.state_ru_in,Republic of Ingushetia,base.ru,IN,113
base.state_ru_irk,Irkutsk Oblast,base.ru,IRK,114
base.state_eg_is,Ismailia,base.eg,IS,274
base.state_it_is,Isernia,base.it,IS,348
base.state_ru_iva,Ivanovo Oblast,base.ru,IVA,115
base.state_gt_iza,Izabal,base.gt,IZA,187
base.state_es_j,Jaén,base.es,J,442
base.state_ar_j,San Juan,base.ar,J,570
base.state_id_ja,Jambi,base.id,JA,620
base.state_mx_jal,Jalisco,base.mx,JAL,498
base.state_gt_jal,Jalapa,base.gt,JAL,188
base.state_id_jb,Jawa Barat,base.id,JB,621
base.state_in_jh,Jharkhand,base.in,JH,592
base.state_my_jhr,Johor,base.my,JHR,469
base.state_id_ji,Jawa Timur,base.id,JI,623
base.state_id_jk,Jakarta,base.id,JK,619
base.state_in_jk,Jammu and Kashmir,base.in,JK,591
base.state_eg_js,South Sinai,base.eg,JS,291
base.state_id_jt,Jawa Tengah,base.id,JT,622
base.state_gt_jut,Jutiapa,base.gt,JUT,189
base.state_ar_k,Catamarca,base.ar,K,555
base.state_in_ka,Karnataka,base.in,KA,593
base.state_ru_kam,Kamchatka Krai,base.ru,KAM,116
base.state_eg_kb,Qalyubia,base.eg,KB,279
base.state_id_kb,Kalimantan Barat,base.id,KB,624
base.state_ru_kb,Kabardino-Balkarian Republic,base.ru,KB,117
base.state_ru_kc,Karachay–Cherkess Republic,base.ru,KC,121
base.state_ru_kda,Krasnodar Krai,base.ru,KDA,130
base.state_my_kdh,Kedah,base.my,KDH,470
base.state_ru_kem,Kemerovo Oblast,base.ru,KEM,123
base.state_eg_kfs,Kafr el-Sheikh,base.eg,KFS,292
base.state_ru_kgd,Kaliningrad Oblast,base.ru,KGD,118
base.state_ru_kgn,Kurgan Oblast,base.ru,KGN,132
base.state_ru_kha,Khabarovsk Krai,base.ru,KHA,124
base.state_ru_khm,Khanty-Mansi Autonomous Okrug,base.ru,KHM,126
base.state_id_ki,Kalimantan Timur,base.id,KI,627
base.state_ru_kir,Kirov Oblast,base.ru,KIR,127
base.state_ru_kk,Republic of Khakassia,base.ru,KK,125
base.state_ru_kl,Republic of Kalmykia,base.ru,KL,119
base.state_in_kl,Kerala,base.in,KL,594
base.state_ru_klu,Kaluga Oblast,base.ru,KLU,120
base.state_eg_kn,Qena,base.eg,KN,294
base.state_ru_ko,Komi Republic,base.ru,KO,128
base.state_ru_kos,Kostroma Oblast,base.ru,KOS,129
base.state_ru_kr,Republic of Karelia,base.ru,KR,122
base.state_it_kr,Crotone,base.it,KR,335
base.state_id_kr,Kepulauan Riau,base.id,KR,629
base.state_ru_krs,Kursk Oblast,base.ru,KRS,133
base.state_us_17,Kansas,base.us,KS,25
base.state_id_ks,Kalimantan Selatan,base.id,KS,625
base.state_id_kt,Kalimantan Tengah,base.id,KT,626
base.state_my_ktn,Kelantan,base.my,KTN,471
base.state_id_ku,Kalimantan Utara,base.id,KU,628
base.state_my_kul,Kuala Lumpur,base.my,KUL,472
base.state_us_18,Kentucky,base.us,KY,26
base.state_ru_kya,Krasnoyarsk Krai,base.ru,KYA,131
base.state_ar_l,La Pampa,base.ar,L,563
base.state_es_l,Lleida (Lérida),base.es,L,446
base.state_id_la,Lampung,base.id,LA,630
base.state_us_19,Louisiana,base.us,LA,27
base.state_co_14,La Guajira,base.co,LAG,660
base.state_my_lbn,Labuan,base.my,LBN,473
base.state_it_lc,Lecco,base.it,LC,353
base.state_in_ld,Lakshadweep,base.in,LD,595
base.state_es_le,León,base.es,LE,445
base.state_it_le,Lecce,base.it,LE,352
base.state_ru_len,Leningrad Oblast,base.ru,LEN,134
base.state_it_li,Livorno,base.it,LI,354
base.state_ru_lip,Lipetsk Oblast,base.ru,LIP,135
base.state_es_lo,La Rioja,base.es,LO,443
base.state_it_lo,Lodi,base.it,LO,355
base.state_za_lp,Limpopo,base.za,LP,301
base.state_it_lt,Latina,base.it,LT,351
base.state_it_lu,Lucca,base.it,LU,356
base.state_es_lu,Lugo,base.es,LU,447
base.state_eg_lx,Luxor,base.eg,LX,280
base.state_ar_m,Mendoza,base.ar,M,565
base.state_es_m,Madrid,base.es,M,448
base.state_es_ma,Málaga,base.es,MA,449
base.state_id_ma,Maluku,base.id,MA,631
base.state_br_ma,Maranhão,base.br,MA,80
base.state_us_34,Massachusetts,base.us,MA,42
base.state_ru_mag,Magadan Oblast,base.ru,MAG,136
base.state_co_15,Magdalena,base.co,MAG,661
base.state_ca_mb,Manitoba,base.ca,MB,535
base.state_it_mb,Monza e Brianza,base.it,MB,365
base.state_nz_mbh,Marlborough,base.nz,MBH,523
base.state_it_mc,Macerata,base.it,MC,357
base.state_us_33,Maryland,base.us,MD,41
base.state_us_20,Maine,base.us,ME,28
base.state_ru_me,Mari El Republic,base.ru,ME,137
base.state_it_me,Messina,base.it,ME,362
base.state_es_ml,Melilla,base.es,ME,450
base.state_co_16,Meta,base.co,MET,662
base.state_mx_mex,México,base.mx,MEX,501
base.state_br_mg,Minas Gerais,base.br,MG,83
base.state_in_mh,Maharashtra,base.in,MH,597
base.state_us_mh,Marshall Islands,base.us,MH,63
base.state_it_mi,Milano,base.it,MI,363
base.state_us_35,Michigan,base.us,MI,43
base.state_mx_mich,Michoacán,base.mx,MIC,499
base.state_in_ml,Meghalaya,base.in,ML,599
base.state_my_mlk,Melaka,base.my,MLK,474
base.state_in_mn,Manipur,base.in,MN,598
base.state_eg_mn,Minya,base.eg,MN,277
base.state_us_36,Minnesota,base.us,MN,44
base.state_it_mn,Mantova,base.it,MN,358
base.state_eg_mnf,Monufia,base.eg,MNF,276
base.state_us_38,Missouri,base.us,MO,46
base.state_ru_mo,Republic of Mordovia,base.ru,MO,138
base.state_it_mo,Modena,base.it,MO,364
base.state_mx_mor,Morelos,base.mx,MOR,500
base.state_ru_mos,Moscow Oblast,base.ru,MOS,139
base.state_ru_mow,Moscow,base.ru,MOW,140
base.state_us_mp,Northern Mariana Islands,base.us,MP,64
base.state_in_mp,Madhya Pradesh,base.in,MP,596
base.state_za_mp,Mpumalanga,base.za,MP,302
base.state_br_ms,Mato Grosso do Sul,base.br,MS,82
base.state_it_ms,Massa-Carrara,base.it,MS,359
base.state_us_37,Mississippi,base.us,MS,45
base.state_eg_mt,Matrouh,base.eg,MT,293
base.state_it_mt,Matera,base.it,MT,360
base.state_us_21,Montana,base.us,MT,29
base.state_br_mt,Mato Grosso,base.br,MT,81
base.state_es_mu,Murcia,base.es,MU,451
base.state_id_mu,Maluku Utara,base.id,MU,632
base.state_ru_mur,Murmansk Oblast,base.ru,MUR,141
base.state_nz_mwt,Manawatu-Wanganui,base.nz,MWT,522
base.state_in_mz,Mizoram,base.in,MZ,600
base.state_ar_n,Misiones,base.ar,N,566
base.state_it_na,Napoli,base.it,NA,366
base.state_es_na,Navarra (Nafarroa),base.es,NA,452
base.state_co_17,Nariño,base.co,NAR,663
base.state_mx_nay,Nayarit,base.mx,NAY,502
base.state_id_nb,Nusa Tenggara Barat,base.id,NB,633
base.state_ca_nb,New Brunswick,base.ca,NB,536
base.state_za_nc,Northern Cape,base.za,NC,303
base.state_us_28,North Carolina,base.us,NC,36
base.state_us_29,North Dakota,base.us,ND,37
base.state_us_22,Nebraska,base.us,NE,30
base.state_ru_ngr,Novgorod Oblast,base.ru,NGR,143
base.state_us_24,New Hampshire,base.us,NH,32
base.state_ru_niz,Nizhny Novgorod Oblast,base.ru,NIZ,142
base.state_us_25,New Jersey,base.us,NJ,33
base.state_ca_nl,Newfoundland and Labrador,base.ca,NL,537
base.state_in_nl,Nagaland,base.in,NL,601
base.state_za_nl,KwaZulu-Natal,base.za,NL,300
base.state_mx_nl,Nuevo León,base.mx,NLE,503
base.state_us_26,New Mexico,base.us,NM,34
base.state_it_no,Novara,base.it,NO,367
base.state_ca_ns,Nova Scotia,base.ca,NS,539
base.state_co_18,Norte de Santander,base.co,NSA,664
base.state_my_nsn,Negeri Sembilan,base.my,NSN,475
base.state_nz_nsn,Nelson,base.nz,NSN,524
base.state_au_2,New South Wales,base.au,NSW,2
base.state_ca_nt,Northwest Territories,base.ca,NT,538
base.state_au_3,Northern Territory,base.au,NT,3
base.state_id_nt,Nusa Tenggara Timur,base.id,NT,634
base.state_nz_ntl,Northland,base.nz,NTL,525
base.state_ca_nu,Nunavut,base.ca,NU,540
base.state_it_nu,Nuoro,base.it,NU,368
base.state_us_23,Nevada,base.us,NV,31
base.state_ru_nvs,Novosibirsk Oblast,base.ru,NVS,144
base.state_za_nw,North West,base.za,NW,304
base.state_us_27,New York,base.us,NY,35
base.state_es_o,Asturias,base.es,O,422
base.state_mx_oax,Oaxaca,base.mx,OAX,504
base.state_it_og,Ogliastra,base.it,OG,369
base.state_us_30,Ohio,base.us,OH,38
base.state_us_31,Oklahoma,base.us,OK,39
base.state_ru_oms,Omsk Oblast,base.ru,OMS,145
base.state_ca_on,Ontario,base.ca,ON,541
base.state_it_or,Oristano,base.it,OR,371
base.state_es_or,Ourense (Orense),base.es,OR,453
base.state_in_or,Orissa,base.in,OR,602
base.state_us_32,Oregon,base.us,OR,40
base.state_ru_ore,Orenburg Oblast,base.ru,ORE,146
base.state_ru_orl,Oryol Oblast,base.ru,ORL,147
base.state_it_ot,Olbia-Tempio,base.it,OT,370
base.state_nz_ota,Otago,base.nz,OTA,526
base.state_ar_p,Formosa,base.ar,P,561
base.state_es_p,Palencia,base.es,P,454
base.state_br_pa,Pará,base.br,PA,84
base.state_it_pa,Palermo,base.it,PA,373
base.state_us_39,Pennsylvania,base.us,PA,47
base.state_id_pa,Papua,base.id,PA,635
base.state_br_pb,Paraíba,base.br,PB,85
base.state_in_pb,Punjab,base.in,PB,604
base.state_id_pb,Papua Barat,base.id,PB,636
base.state_it_pc,Piacenza,base.it,PC,379
base.state_it_pd,Padova,base.it,PD,372
base.state_it_pe,Pescara,base.it,PE,378
base.state_br_pe,Pernambuco,base.br,PE,87
base.state_ca_pe,Prince Edward Island,base.ca,PE,542
base.state_ru_per,Perm Krai,base.ru,PER,149
base.state_gt_pet,Petén,base.gt,PET,190
base.state_it_pg,Perugia,base.it,PG,376
base.state_my_phg,Pahang,base.my,PHG,476
base.state_it_pi,Pisa,base.it,PI,380
base.state_br_pi,Piauí,base.br,PI,88
base.state_my_pjy,Putrajaya,base.my,PJY,480
base.state_my_pls,Perlis,base.my,PLS,478
base.state_es_pm,Illes Balears (Islas Baleares),base.es,PM,425
base.state_it_pn,Pordenone,base.it,PN,382
base.state_my_png,Pulau Pinang,base.my,PNG,479
base.state_ru_pnz,Penza Oblast,base.ru,PNZ,148
base.state_it_po,Prato,base.it,PO,384
base.state_es_po,Pontevedra,base.es,PO,455
base.state_it_pr,Parma,base.it,PR,374
base.state_br_pr,Paraná,base.br,PR,86
base.state_us_pr,Puerto Rico,base.us,PR,66
base.state_ru_pri,Primorsky Krai,base.ru,PRI,150
base.state_my_prk,Perak,base.my,PRK,477
base.state_ru_psk,Pskov Oblast,base.ru,PSK,151
base.state_it_pt,Pistoia,base.it,PT,381
base.state_eg_pts,Port Said,base.eg,PTS,288
base.state_it_pu,Pesaro e Urbino,base.it,PU,377
base.state_mx_pue,Puebla,base.mx,PUE,505
base.state_co_27,Putumayo,base.co,PUT,673
base.state_it_pv,Pavia,base.it,PV,375
base.state_us_pw,Palau,base.us,PW,65
base.state_in_py,Puducherry,base.in,PY,603
base.state_it_pz,Potenza,base.it,PZ,383
base.state_ar_q,Neuquén,base.ar,Q,567
base.state_ca_qc,Quebec,base.ca,QC,543
base.state_au_4,Queensland,base.au,QLD,4
base.state_mx_qro,Querétaro,base.mx,QUE,507
base.state_gt_que,Quetzaltenango,base.gt,QUE,191
base.state_gt_qui,Quiché,base.gt,QUI,192
base.state_co_19,Quindio,base.co,QUI,665
base.state_ar_r,Río Negro,base.ar,R,568
base.state_it_ra,Ravenna,base.it,RA,386
base.state_it_rc,Reggio Calabria,base.it,RC,387
base.state_it_re,Reggio Emilia,base.it,RE,388
base.state_gt_ret,Retalhuleu,base.gt,RET,193
base.state_it_rg,Ragusa,base.it,RG,385
base.state_us_40,Rhode Island,base.us,RI,48
base.state_it_ri,Rieti,base.it,RI,389
base.state_id_ri,Riau,base.id,RI,637
base.state_co_20,Risaralda,base.co,RIS,666
base.state_br_rj,Rio de Janeiro,base.br,RJ,89
base.state_in_rj,Rajasthan,base.in,RJ,605
base.state_ae_rk,Ras al-Khaimah,base.ae,RK,550
base.state_it_rm,Roma,base.it,RM,391
base.state_br_rn,Rio Grande do Norte,base.br,RN,90
base.state_it_rn,Rimini,base.it,RN,390
base.state_br_ro,Rondônia,base.br,RO,92
base.state_it_ro,Rovigo,base.it,RO,392
base.state_mx_q roo,Quintana Roo,base.mx,ROO,506
base.state_ru_ros,Rostov Oblast,base.ru,ROS,152
base.state_br_rr,Roraima,base.br,RR,93
base.state_br_rs,Rio Grande do Sul,base.br,RS,91
base.state_ru_rya,Ryazan Oblast,base.ru,RYA,153
base.state_es_s,Cantabria,base.es,S,430
base.state_ar_s,Santa Fe,base.ar,S,573
base.state_it_sa,Salerno,base.it,SA,393
base.state_id_sa,Sulawesi Utara,base.id,SA,642
base.state_es_sa,Salamanca,base.es,SA,456
base.state_ru_sa,Sakha Republic (Yakutia),base.ru,SA,154
base.state_au_5,South Australia,base.au,SA,5
base.state_gt_sac,Sacatepéquez,base.gt,SAC,194
base.state_ru_sak,Sakhalin Oblast,base.ru,SAK,155
base.state_ru_sam,Samara Oblast,base.ru,SAM,156
base.state_co_21,Santander,base.co,SAN,667
base.state_co_28,"Archipiélago de San Andrés, Providencia y Santa Catalina",base.co,SAP,674
base.state_ru_sar,Saratov Oblast,base.ru,SAR,158
base.state_id_sb,Sumatra Barat,base.id,SB,643
base.state_my_sbh,Sabah,base.my,SBH,481
base.state_us_41,South Carolina,base.us,SC,49
base.state_br_sc,Santa Catarina,base.br,SC,94
base.state_us_42,South Dakota,base.us,SD,50
base.state_ru_se,Republic of North Ossetia–Alania,base.ru,SE,159
base.state_es_se,Sevilla,base.es,SE,459
base.state_br_se,Sergipe,base.br,SE,96
base.state_id_sg,Sulawesi Tenggara,base.id,SG,641
base.state_es_sg,Segovia,base.es,SG,458
base.state_my_sgr,Selangor,base.my,SGR,483
base.state_ae_sh,Sharjah,base.ae,SH,551
base.state_eg_shg,Sohag,base.eg,SHG,296
base.state_eg_shr,Al Sharqia,base.eg,SHR,282
base.state_it_si,Siena,base.it,SI,396
base.state_eg_sin,North Sinai,base.eg,SIN,295
base.state_mx_sin,Sinaloa,base.mx,SIN,508
base.state_in_sk,Sikkim,base.in,SK,606
base.state_ca_sk,Saskatchewan,base.ca,SK,544
base.state_mx_slp,San Luis Potosí,base.mx,SLP,509
base.state_gt_sma,San Marcos,base.gt,SMA,195
base.state_ru_smo,Smolensk Oblast,base.ru,SMO,160
base.state_id_sn,Sulawesi Selatan,base.id,SN,639
base.state_it_so,Sondrio,base.it,SO,398
base.state_es_so,Soria,base.es,SO,460
base.state_gt_sol,Sololá,base.gt,SOL,197
base.state_mx_son,Sonora,base.mx,SON,510
base.state_br_sp,São Paulo,base.br,SP,95
base.state_it_sp,La Spezia,base.it,SP,349
base.state_ru_spe,Saint Petersburg,base.ru,SPE,157
base.state_it_sr,Siracusa,base.it,SR,397
base.state_id_sr,Sulawesi Barat,base.id,SR,638
base.state_gt_sro,Santa Rosa,base.gt,SRO,196
base.state_id_ss,Sumatra Selatan,base.id,SS,644
base.state_es_ss,Gipuzkoa (Guipúzcoa),base.es,SS,439
base.state_it_ss,Sassari,base.it,SS,394
base.state_id_st,Sulawesi Tengah,base.id,ST,640
base.state_ru_sta,Stavropol Krai,base.ru,STA,161
base.state_nz_stl,Southland,base.nz,STL,527
base.state_it_su,Sud Sardegna,base.it,SU,399
base.state_id_su,Sumatra Utara,base.id,SU,645
base.state_eg_su,6th of October,base.eg,SU,283
base.state_co_22,Sucre,base.co,SUC,668
base.state_gt_suc,Suchitepéquez,base.gt,SUC,198
base.state_eg_suz,Suez,base.eg,SUZ,284
base.state_it_sv,Savona,base.it,SV,395
base.state_ru_sve,Sverdlovsk Oblast,base.ru,SVE,162
base.state_my_swk,Sarawak,base.my,SWK,482
base.state_es_t,Tarragona,base.es,T,461
base.state_ar_t,Tucumán,base.ar,T,576
base.state_ru_ta,Republic of Tatarstan,base.ru,TA,164
base.state_it_ta,Taranto,base.it,TA,400
base.state_mx_tab,Tabasco,base.mx,TAB,511
base.state_mx_tamps,Tamaulipas,base.mx,TAM,513
base.state_ru_tam,Tambov Oblast,base.ru,TAM,163
base.state_nz_tas,Tasman,base.nz,TAS,529
base.state_au_6,Tasmania,base.au,TAS,6
base.state_es_te,Teruel,base.es,TE,462
base.state_it_te,Teramo,base.it,TE,401
base.state_es_tf,Santa Cruz de Tenerife,base.es,TF,457
base.state_nz_tki,Taranaki,base.nz,TKI,528
base.state_mx_tlax,Tlaxcala,base.mx,TLA,512
base.state_us_43,Tennessee,base.us,TN,51
base.state_it_tn,Trento,base.it,TN,405
base.state_in_tn,Tamil Nadu,base.in,TN,607
base.state_it_to,Torino,base.it,TO,403
base.state_es_to,Toledo,base.es,TO,463
base.state_br_to,Tocantins,base.br,TO,97
base.state_co_23,Tolima,base.co,TOL,669
base.state_ru_tom,Tomsk Oblast,base.ru,TOM,165
base.state_gt_tot,Totonicapán,base.gt,TOT,199
base.state_it_tp,Trapani,base.it,TP,404
base.state_in_tr,Tripura,base.in,TR,609
base.state_it_tr,Terni,base.it,TR,402
base.state_my_trg,Terengganu,base.my,TRG,484
base.state_it_ts,Trieste,base.it,TS,407
base.state_in_ts,Telangana,base.in,TS,608
base.state_ru_tul,Tula Oblast,base.ru,TUL,166
base.state_it_tv,Treviso,base.it,TV,406
base.state_ru_tve,Tver Oblast,base.ru,TVE,167
base.state_us_44,Texas,base.us,TX,52
base.state_ru_ty,Tyva Republic,base.ru,TY,169
base.state_ru_tyu,Tyumen Oblast,base.ru,TYU,168
base.state_ar_u,Chobut,base.ar,U,557
base.state_ru_ud,Udmurtia,base.ru,UD,170
base.state_it_ud,Udine,base.it,UD,408
base.state_in_uk,Uttarakhand,base.in,UK,611
base.state_ru_uly,Ulyanovsk Oblast,base.ru,ULY,171
base.state_in_up,Uttar Pradesh,base.in,UP,610
base.state_ae_uq,Umm al-Quwain,base.ae,UQ,552
base.state_us_45,Utah,base.us,UT,53
base.state_es_v,València (Valencia),base.es,V,464
base.state_ar_v,Tierra del Fuego,base.ar,V,575
base.state_us_47,Virginia,base.us,VA,55
base.state_es_va,Valladolid,base.es,VA,465
base.state_it_va,Varese,base.it,VA,409
base.state_co_24,Valle del Cauca,base.co,VAC,670
base.state_co_32,Vaupés,base.co,VAU,678
base.state_it_vb,Verbano-Cusio-Ossola,base.it,VB,411
base.state_it_vc,Vercelli,base.it,VC,412
base.state_it_ve,Venezia,base.it,VE,410
base.state_mx_ver,Veracruz,base.mx,VER,514
base.state_ru_vgg,Volgograd Oblast,base.ru,VGG,173
base.state_es_vi,Araba/Álava,base.es,VI,418
base.state_it_vi,Vicenza,base.it,VI,415
base.state_us_vi,Virgin Islands,base.us,VI,67
base.state_au_7,Victoria,base.au,VIC,7
base.state_co_33,Vichada,base.co,VID,679
base.state_ru_vla,Vladimir Oblast,base.ru,VLA,172
base.state_ru_vlg,Vologda Oblast,base.ru,VLG,174
base.state_ru_vor,Voronezh Oblast,base.ru,VOR,175
base.state_it_vr,Verona,base.it,VR,413
base.state_it_vs,Medio Campidano,base.it,VS,361
base.state_us_46,Vermont,base.us,VT,54
base.state_it_vt,Viterbo,base.it,VT,416
base.state_it_vv,Vibo Valentia,base.it,VV,414
base.state_ar_w,Corrientes,base.ar,W,559
base.state_us_48,Washington,base.us,WA,56
base.state_au_8,Western Australia,base.au,WA,8
base.state_eg_wad,New Valley,base.eg,WAD,281
base.state_in_wb,West Bengal,base.in,WB,612
base.state_za_wc,Western Cape,base.za,WC,305
base.state_nz_wgn,Wellington,base.nz,WGN,531
base.state_us_50,Wisconsin,base.us,WI,58
base.state_nz_wko,Waikato,base.nz,WKO,530
base.state_nz_wtc,West Coast,base.nz,WTC,532
base.state_us_49,West Virginia,base.us,WV,57
base.state_us_51,Wyoming,base.us,WY,59
base.state_ar_x,Córdoba,base.ar,X,558
base.state_ar_y,Jujuy,base.ar,Y,562
base.state_ru_yan,Yamalo-Nenets Autonomous Okrug,base.ru,YAN,176
base.state_ru_yar,Yaroslavl Oblast,base.ru,YAR,177
base.state_ru_yev,Jewish Autonomous Oblast,base.ru,YEV,178
base.state_id_yo,Yogyakarta,base.id,YO,646
base.state_ca_yt,Yukon,base.ca,YT,545
base.state_mx_yuc,Yucatán,base.mx,YUC,515
base.state_es_z,Zaragoza,base.es,Z,468
base.state_ar_z,Santa Cruz,base.ar,Z,572
base.state_es_za,Zamora,base.es,ZA,467
base.state_mx_zac,Zacatecas,base.mx,ZAC,516
base.state_gt_zac,Zacapa,base.gt,ZAC,200
